[
  {
    "id": "securite-web-moderne",
    "title": "Sécurité Web Moderne : Les Fondamentaux",
    "description": "Guide complet sur les meilleures pratiques de sécurité pour les applications web modernes.",
    "image": "/placeholder.svg?height=300&width=500",
    "date": "2024-01-15",
    "readTime": "8 min",
    "linkedinUrl": "https://www.linkedin.com/posts/gracziela-sewodo_securite-web-moderne-les-fondamentaux-activity-7150123456789012345-abcd",
    "content": "# Sécurité Web Moderne : Les Fondamentaux\n\nLa sécurité des applications web est devenue un enjeu critique dans le développement moderne. Dans cet article, nous explorerons les principales vulnérabilités et les moyens de s'en protéger.\n\n## Les principales menaces\n\n### 1. Injection SQL\nL'injection SQL reste l'une des vulnérabilités les plus courantes. Elle permet à un attaquant d'exécuter du code SQL malveillant.\n\n### 2. Cross-Site Scripting (XSS)\nLes attaques XSS permettent d'injecter du code JavaScript malveillant dans les pages web.\n\n### 3. Cross-Site Request Forgery (CSRF)\nCette attaque force un utilisateur authentifié à exécuter des actions non désirées.\n\n## Bonnes pratiques de sécurisation\n\n- Validation et sanitisation des entrées utilisateur\n- Utilisation de requêtes préparées\n- Implémentation de Content Security Policy (CSP)\n- Authentification et autorisation robustes\n- Chiffrement des données sensibles\n\n## Conclusion\n\nLa sécurité doit être intégrée dès la conception de l'application, pas ajoutée après coup."
  },
  {
    "id": "react-performance-optimization",
    "title": "Optimisation des Performances React",
    "description": "Techniques avancées pour améliorer les performances de vos applications React.",
    "image": "/placeholder.svg?height=300&width=500",
    "date": "2024-01-10",
    "readTime": "12 min",
    "linkedinUrl": "https://www.linkedin.com/posts/gracziela-sewodo_react-performance-optimization-activity-7148987654321098765-efgh",
    "content": "# Optimisation des Performances React\n\nLes performances sont cruciales pour l'expérience utilisateur. Voici les techniques essentielles pour optimiser vos applications React.\n\n## Techniques de base\n\n### 1. React.memo()\nUtilisez React.memo() pour éviter les re-rendus inutiles des composants fonctionnels.\n\n```jsx\nconst MyComponent = React.memo(({ data }) => {\n  return <div>{data.name}</div>\n})\n```\n\n### 2. useMemo et useCallback\nCes hooks permettent de mémoriser des valeurs coûteuses à calculer.\n\n```jsx\nconst expensiveValue = useMemo(() => {\n  return heavyCalculation(data)\n}, [data])\n```\n\n### 3. Code Splitting\nDivisez votre code en chunks plus petits avec React.lazy().\n\n```jsx\nconst LazyComponent = React.lazy(() => import('./LazyComponent'))\n```\n\n## Techniques avancées\n\n- Virtualisation des listes longues\n- Optimisation des images avec Next.js Image\n- Préchargement des ressources critiques\n- Service Workers pour la mise en cache\n\n## Outils de mesure\n\n- React DevTools Profiler\n- Lighthouse\n- Web Vitals\n\nL'optimisation est un processus continu qui nécessite une mesure constante."
  },
  {
    "id": "architecture-microservices",
    "title": "Architecture Microservices avec Node.js",
    "description": "Comment concevoir et implémenter une architecture microservices robuste.",
    "image": "/placeholder.svg?height=300&width=500",
    "date": "2024-01-05",
    "readTime": "15 min",
    "linkedinUrl": "https://www.linkedin.com/posts/gracziela-sewodo_architecture-microservices-nodejs-activity-7147654321098765432-ijkl",
    "content": "# Architecture Microservices avec Node.js\n\nL'architecture microservices offre de nombreux avantages mais présente aussi des défis uniques. Explorons comment bien l'implémenter.\n\n## Principes fondamentaux\n\n### 1. Séparation des responsabilités\nChaque service doit avoir une responsabilité unique et bien définie.\n\n### 2. Communication asynchrone\nPrivilégiez les messages asynchrones pour découpler les services.\n\n### 3. Base de données par service\nChaque microservice doit gérer ses propres données.\n\n## Patterns essentiels\n\n### API Gateway\nPoint d'entrée unique pour tous les clients.\n\n```javascript\nconst express = require('express')\nconst httpProxy = require('http-proxy-middleware')\n\nconst app = express()\n\napp.use('/users', httpProxy({\n  target: 'http://user-service:3001',\n  changeOrigin: true\n}))\n```\n\n### Circuit Breaker\nProtection contre les défaillances en cascade.\n\n### Event Sourcing\nStockage des événements plutôt que de l'état final.\n\n## Défis et solutions\n\n- Gestion des transactions distribuées\n- Monitoring et observabilité\n- Déploiement et orchestration\n- Sécurité inter-services\n\n## Outils recommandés\n\n- Docker pour la containerisation\n- Kubernetes pour l'orchestration\n- RabbitMQ ou Apache Kafka pour la messagerie\n- Prometheus et Grafana pour le monitoring\n\nL'architecture microservices n'est pas une solution miracle, mais un outil puissant quand elle est bien utilisée."
  }
]
